Workbook

Sheet Sheet1
A1: Fecha | B1: Grupo | C1: Equipo local | D1: Equipo visitante | E1: Estadio | F1: Prob. local | G1: Prob. empate | H1: Prob. visitante | I1: xG local | J1: xG visitante | K1: Posesión local | L1: Posesión visitante | M1: Tarjetas estimadas | N1: Marcador probable | O1: Top 3
A2: 46184 | B2: Group A | C2: Mexico | D2: South Africa | E2: Mexico City Stadium | F2: =Sheet2!F2/100 -> 0.62 | G2: =Sheet2!G2/100 -> 0.2 | H2: =Sheet2!H2/100 -> 0.18 | I2: 2.1 | J2: 0.7 | K2: =Sheet2!K2/100 -> 0.58 | L2: =Sheet2!L2/100 -> 0.42 | M2: 2.6 | N2: =LEFT(O2,3) -> 2-0 | O2: 2-0 (22%) | 1-0 (18%) | 1-1 (14%)
A3: 46184 | B3: Group A | C3: Korea Republic | D3: Czechia | E3: Estadio Guadalajara | F3: =Sheet2!F3/100 -> 0.36 | G3: =Sheet2!G3/100 -> 0.3 | H3: =Sheet2!H3/100 -> 0.34 | I3: 1.3 | J3: 1.2 | K3: =Sheet2!K3/100 -> 0.51 | L3: =Sheet2!L3/100 -> 0.49 | M3: 2.7 | N3: =LEFT(O3,3) -> 1-1 | O3: 1-1 (18%) | 2-1 (15%) | 1-0 (13%)
A4: 46185 | B4: Group B | C4: Canada | D4: Bosnia and Herzegovina | E4: Toronto Stadium | F4: =Sheet2!F4/100 -> 0.41 | G4: =Sheet2!G4/100 -> 0.3 | H4: =Sheet2!H4/100 -> 0.29 | I4: 1.5 | J4: 1.1 | K4: =Sheet2!K4/100 -> 0.53 | L4: =Sheet2!L4/100 -> 0.47 | M4: 2.9 | N4: =LEFT(O4,3) -> 1-1 | O4: 1-1 (18%) | 2-1 (14%) | 1-2 (13%)
A5: 46185 | B5: Group D | C5: USA | D5: Paraguay | E5: Los Angeles Stadium | F5: =Sheet2!F5/100 -> 0.55 | G5: =Sheet2!G5/100 -> 0.25 | H5: =Sheet2!H5/100 -> 0.2 | I5: 1.9 | J5: 0.9 | K5: =Sheet2!K5/100 -> 0.57 | L5: =Sheet2!L5/100 -> 0.43 | M5: 2.8 | N5: =LEFT(O5,3) -> 2-1 | O5: 2-1 (18%) | 1-0 (17%) | 2-0 (15%)
A6: 46186 | B6: Group C | C6: Haiti | D6: Scotland | E6: Boston Stadium | F6: =Sheet2!F6/100 -> 0.18 | G6: =Sheet2!G6/100 -> 0.22 | H6: =Sheet2!H6/100 -> 0.6 | I6: 0.6 | J6: 1.9 | K6: =Sheet2!K6/100 -> 0.42 | L6: =Sheet2!L6/100 -> 0.58 | M6: 3.5 | N6: =LEFT(O6,3) -> 0-2 | O6: 0-2 (23%) | 0-1 (18%) | 0-3 (14%)
A7: 46186 | B7: Group D | C7: Australia | D7: Turkiye | E7: BC Place Vancouver | F7: =Sheet2!F7/100 -> 0.38 | G7: =Sheet2!G7/100 -> 0.29 | H7: =Sheet2!H7/100 -> 0.33 | I7: 1.4 | J7: 1.2 | K7: =Sheet2!K7/100 -> 0.49 | L7: =Sheet2!L7/100 -> 0.51 | M7: 3.2 | N7: =LEFT(O7,3) -> 2-1 | O7: 2-1 (17%) | 1-0 (16%) | 1-1 (16%)
A8: 46186 | B8: Group C | C8: Brazil | D8: Morocco | E8: New York New Jersey Stadium | F8: =Sheet2!F8/100 -> 0.58 | G8: =Sheet2!G8/100 -> 0.23 | H8: =Sheet2!H8/100 -> 0.19 | I8: 2 | J8: 0.8 | K8: =Sheet2!K8/100 -> 0.57 | L8: =Sheet2!L8/100 -> 0.43 | M8: 3 | N8: =LEFT(O8,3) -> 2-1 | O8: 2-1 (20%) | 1-0 (17%) | 2-0 (15%)
A9: 46186 | B9: Group B | C9: Qatar | D9: Switzerland | E9: San Francisco Bay Area Stadium | F9: =Sheet2!F9/100 -> 0.2 | G9: =Sheet2!G9/100 -> 0.24 | H9: =Sheet2!H9/100 -> 0.56 | I9: 0.7 | J9: 1.8 | K9: =Sheet2!K9/100 -> 0.44 | L9: =Sheet2!L9/100 -> 0.56 | M9: 3.3 | N9: =LEFT(O9,3) -> 0-2 | O9: 0-2 (24%) | 0-3 (16%) | 1-2 (14%)
A10: 46187 | B10: Group E | C10: Cote d'Ivoire | D10: Ecuador | E10: Philadelphia Stadium | F10: =Sheet2!F10/100 -> 0.34 | G10: =Sheet2!G10/100 -> 0.32 | H10: =Sheet2!H10/100 -> 0.34 | I10: 1.2 | J10: 1.2 | K10: =Sheet2!K10/100 -> 0.5 | L10: =Sheet2!L10/100 -> 0.5 | M10: 3.1 | N10: =LEFT(O10,3) -> 1-1 | O10: 1-1 (18%) | 1-2 (15%) | 2-1 (14%)
A11: 46187 | B11: Group E | C11: Germany | D11: Curacao | E11: Houston Stadium | F11: =Sheet2!F11/100 -> 0.78 | G11: =Sheet2!G11/100 -> 0.14 | H11: =Sheet2!H11/100 -> 0.08 | I11: 2.9 | J11: 0.4 | K11: =Sheet2!K11/100 -> 0.66 | L11: =Sheet2!L11/100 -> 0.34 | M11: 2.4 | N11: =LEFT(O11,3) -> 5-0 | O11: 5-0 (18%) | 4-0 (17%) | 3-0 (16%)
A12: 46187 | B12: Group F | C12: Netherlands | D12: Japan | E12: Dallas Stadium | F12: =Sheet2!F12/100 -> 0.52 | G12: =Sheet2!G12/100 -> 0.28 | H12: =Sheet2!H12/100 -> 0.2 | I12: 1.8 | J12: 0.9 | K12: =Sheet2!K12/100 -> 0.55 | L12: =Sheet2!L12/100 -> 0.45 | M12: 2.9 | N12: =LEFT(O12,3) -> 2-1 | O12: 2-1 (18%) | 2-0 (17%) | 1-0 (14%)
A13: 46187 | B13: Group F | C13: Sweden | D13: Tunisia | E13: Estadio Monterrey | F13: =Sheet2!F13/100 -> 0.67 | G13: =Sheet2!G13/100 -> 0.21 | H13: =Sheet2!H13/100 -> 0.12 | I13: 2.2 | J13: 0.6 | K13: =Sheet2!K13/100 -> 0.61 | L13: =Sheet2!L13/100 -> 0.39 | M13: 2.7 | N13: =LEFT(O13,3) -> 2-0 | O13: 2-0 (20%) | 1-0 (17%) | 2-1 (14%)
... A73: 46200 | B73: Group K | C73: Congo DR | D73: Uzbekistan | E73: Atlanta Stadium | F73: =Sheet2!F73/100 -> 0.38 | G73: =Sheet2!G73/100 -> 0.32 | H73: =Sheet2!H73/100 -> 0.3 | I73: 1.3 | J73: 1.1 | K73: =Sheet2!K73/100 -> 0.5 | L73: =Sheet2!L73/100 -> 0.5 | M73: 3.1 | N73: =LEFT(O73,3) -> 1-1 | O73: 1-1 (19%) | 2-1 (15%) | 1-0 (14%)

Sheet Sheet2
A1: Fecha | B1: Grupo | C1: Equipo local | D1: Equipo visitante | E1: Estadio | F1: Prob. local | G1: Prob. empate | H1: Prob. visitante | I1: xG local | J1: xG visitante | K1: Posesión local | L1: Posesión visitante | M1: Tarjetas estimadas | N1: Marcador probable | O1: Top 3
A2: 46184 | B2: Group A | C2: Mexico | D2: South Africa | E2: Mexico City Stadium | F2: 62 | G2: 20 | H2: 18 | I2: 2.1 | J2: 0.7 | K2: 58 | L2: 42 | M2: 2.6 | N2: =LEFT(O2,3) -> 2-0 | O2: 2-0 (22%) | 1-0 (18%) | 1-1 (14%)
A3: 46184 | B3: Group A | C3: Korea Republic | D3: Czechia | E3: Estadio Guadalajara | F3: 36 | G3: 30 | H3: 34 | I3: 1.3 | J3: 1.2 | K3: 51 | L3: 49 | M3: 2.7 | N3: =LEFT(O3,3) -> 1-1 | O3: 1-1 (18%) | 2-1 (15%) | 1-0 (13%)
A4: 46185 | B4: Group B | C4: Canada | D4: Bosnia and Herzegovina | E4: Toronto Stadium | F4: 41 | G4: 30 | H4: 29 | I4: 1.5 | J4: 1.1 | K4: 53 | L4: 47 | M4: 2.9 | N4: =LEFT(O4,3) -> 1-1 | O4: 1-1 (18%) | 2-1 (14%) | 1-2 (13%)
A5: 46185 | B5: Group D | C5: USA | D5: Paraguay | E5: Los Angeles Stadium | F5: 55 | G5: 25 | H5: 20 | I5: 1.9 | J5: 0.9 | K5: 57 | L5: 43 | M5: 2.8 | N5: =LEFT(O5,3) -> 2-1 | O5: 2-1 (18%) | 1-0 (17%) | 2-0 (15%)
A6: 46186 | B6: Group C | C6: Haiti | D6: Scotland | E6: Boston Stadium | F6: 18 | G6: 22 | H6: 60 | I6: 0.6 | J6: 1.9 | K6: 42 | L6: 58 | M6: 3.5 | N6: =LEFT(O6,3) -> 0-2 | O6: 0-2 (23%) | 0-1 (18%) | 0-3 (14%)
A7: 46186 | B7: Group D | C7: Australia | D7: Turkiye | E7: BC Place Vancouver | F7: 38 | G7: 29 | H7: 33 | I7: 1.4 | J7: 1.2 | K7: 49 | L7: 51 | M7: 3.2 | N7: =LEFT(O7,3) -> 2-1 | O7: 2-1 (17%) | 1-0 (16%) | 1-1 (16%)
A8: 46186 | B8: Group C | C8: Brazil | D8: Morocco | E8: New York New Jersey Stadium | F8: 58 | G8: 23 | H8: 19 | I8: 2 | J8: 0.8 | K8: 57 | L8: 43 | M8: 3 | N8: =LEFT(O8,3) -> 2-1 | O8: 2-1 (20%) | 1-0 (17%) | 2-0 (15%)
A9: 46186 | B9: Group B | C9: Qatar | D9: Switzerland | E9: San Francisco Bay Area Stadium | F9: 20 | G9: 24 | H9: 56 | I9: 0.7 | J9: 1.8 | K9: 44 | L9: 56 | M9: 3.3 | N9: =LEFT(O9,3) -> 0-2 | O9: 0-2 (24%) | 0-3 (16%) | 1-2 (14%)
A10: 46187 | B10: Group E | C10: Cote d'Ivoire | D10: Ecuador | E10: Philadelphia Stadium | F10: 34 | G10: 32 | H10: 34 | I10: 1.2 | J10: 1.2 | K10: 50 | L10: 50 | M10: 3.1 | N10: =LEFT(O10,3) -> 1-1 | O10: 1-1 (18%) | 1-2 (15%) | 2-1 (14%)
A11: 46187 | B11: Group E | C11: Germany | D11: Curacao | E11: Houston Stadium | F11: 78 | G11: 14 | H11: 8 | I11: 2.9 | J11: 0.4 | K11: 66 | L11: 34 | M11: 2.4 | N11: =LEFT(O11,3) -> 5-0 | O11: 5-0 (18%) | 4-0 (17%) | 3-0 (16%)
A12: 46187 | B12: Group F | C12: Netherlands | D12: Japan | E12: Dallas Stadium | F12: 52 | G12: 28 | H12: 20 | I12: 1.8 | J12: 0.9 | K12: 55 | L12: 45 | M12: 2.9 | N12: =LEFT(O12,3) -> 2-1 | O12: 2-1 (18%) | 2-0 (17%) | 1-0 (14%)
A13: 46187 | B13: Group F | C13: Sweden | D13: Tunisia | E13: Estadio Monterrey | F13: 67 | G13: 21 | H13: 12 | I13: 2.2 | J13: 0.6 | K13: 61 | L13: 39 | M13: 2.7 | N13: =LEFT(O13,3) -> 2-0 | O13: 2-0 (20%) | 1-0 (17%) | 2-1 (14%)
... A73: 46200 | B73: Group K | C73: Congo DR | D73: Uzbekistan | E73: Atlanta Stadium | F73: 38 | G73: 32 | H73: 30 | I73: 1.3 | J73: 1.1 | K73: 50 | L73: 50 | M73: 3.1 | N73: =LEFT(O73,3) -> 1-1 | O73: 1-1 (19%) | 2-1 (15%) | 1-0 (14%)
